somethings-fishy	false
launch-scaffolder	false
nextgen-databases	false
stapeln	false
project-wharf	false
panll	false
game-server-admin	false
burble	false
aerie	false
repos-monorepo	true
standards	false
eclexia	false
reposystem	false
nextgen-languages	false
betlang	false
phronesis	false
tangle	false
error-lang	false
my-lang	false
typed-wasm	false
reasonably-good-token-vault	false
svalinn	false
tentacles-agentic-syllabus	false
git-scripts	false
gossamer	false
thejeffparadox	false
robot-vacuum-cleaner	false
resource-record-fluctuator	false
bofig	false
hypatia	false
rsr-template-repo	false
echidna	false
vql-ut	false
panic-attack	false
idaptik	false
verisimdb	false
polyglot-i18n	false
palimpsest-plasma	false
boj-server	false
pow-the-game	false
krl	false
affinescript-vite	false
a2ml-showcase	false
verisimdb-data	false
twingate-helm-deploy	false
snapcreate	false
sdp-hkdf-deployment	false
refugia	false
proven-servers	false
ephapax	false
rpa-elysium	false
affinescript	false
otpiser	false
nimiser	false
metadata-grammar	false
airborne-submarine-squadron	false
julia-the-viper	false
candy-crash	false
hyperpolymath	false
.git-private-farm	true
defiant	false
checky-monkey	false
cccp	false
branch-newspaper	false
blue-screen-of-app	false
awesome-zig	false
feedback-o-tron	false
academic-workflow-suite	false
neurophone	false
safe-brute-force	false
v3-templater	false
conative-gating	false
anamnesis	false
a2ml_ex	false
vex-tools	false
awesome-nickel	false
k9_gleam	false
a2ml_gleam	false
007	true
proof-of-work	false
flat-mate	false
zerotier-k8s-link	false
ZeroProb.jl	false
vscode-k9	false
vscode-a2ml	false
voyage-enterprise-decision-system	false
v-grpc	false
v-graphql	false
vexometer	false
verisimiser	false
tropical-resource-typing	false
statistease	false
session-sentinel	false
sanctify-php	false
rrecord-verity	false
rescript-tea	false
rescript-dom-mounter	false
QuantumCircuit.jl	false
ProvenCrypto.jl	false
presswerk	false
PRComms.jl	false
PostDisciplinary.jl	false
PolyglotFormalisms.jl	false
php-aegis	false
phantom-metal-taste	false
pandoc-k9	false
pandoc-a2ml	false
palimpsest-license	false
ochrance-framework	false
neural-foundations	false
nesy-solver	false
mtpc-template-repo	false
misinformation-defence-platform	false
MinixSDK.jl	false
servers	false
maa-framework	false
Lithoglyph.jl	false
linguist	false
laniakea	false
KnotTheory.jl	false
kea	false
kaldor-iiot	false
k9-showcase	false
k9-haskell	false
JuliaPackage-Reuse-Audit.jl	false
ipfs-overlay	false
InvestigativeJournalist.jl	false
intsoc-transactor	false
im-docs	false
idaptik-rescript13-staging	false
Hyperpolymath.jl	false
http-capability-gateway	false
hesiod-dns-map	false
HardwareResilience.jl	false
HackenbushGames.jl	false
FirmwareAudit.jl	false
fireflag	false
explicit-trust-plane	false
ensaid-spec	false
docudactyl	false
dictask	false
developer-ecosystem	false
Cliometrics.jl	false
Cliodynamics.jl	false
Cladistics.jl	false
civic-connect	false
chapeliser	false
boinc-boinc	false
blog-drafts	true
blocky-writer	false
Axiom.jl	false
Axiology.jl	false
asdf-tool-plugins	false
ambientops	false
AcceleratorGate.jl	false
a2ml-haskell	false
a2ml-deno	false
tree-sitter-k9	false
tree-sitter-a2ml	false
k9_ex	false
format-registrations	false
HyperpolymathRegistry	false
gitbot-fleet	false
KRLAdapter.jl	false
Skein.jl	false
protocol-squisher	false
squeakwell	false
typedqliser	false
gv-clade-index	false
typell	false
rescript-string-power	false
dicti0nary-attack	false
wokelang	false
polysafe-gitfixer	false
zotero-tools	false
zerostep	false
wordpress-tools	false
wokelangiser	false
v-rest	false
ViableSystems.jl	false
valence-shell	false
befunge93-vault-cracker	false
universal-project-manager	false
universal-language-server-plugin	false
universal-extension-format	false
universal-chat-extractor	false
unified-dataset-vocab	false
ubicity	false
tree-navigator	false
TradeUnionist.jl	false
tma-mark2	false
tlaiser	false
thunderbird-template-reloaded	false
the-nash-equilibrium	false
supernorma	false
ssg-collection	false
squisher-corpus	false
SoftwareSovereign.jl	false
social-media-tools	false
SMTLib.jl	false
SiliconCore.jl	false
ShellIntegration.jl	false
seamstress	false
robodog-ecm	false
rescript-vite	false
rescript-evangeliser	false
raze-tui	false
proven	false
preference-injector	false
ponyiser	false
polyglot-formalisms-gleam	false
polyglot-formalisms-elixir	false
pimcore-fortress	false
phronesiser	false
patch-bridge	false
patallm-gallery	false
odds-and-sods-package-manager	false
ochrance	false
oblibeniser	false
no-nonsense-nntps	false
nickel-augmentation	false
nexia-list	false
nafa-app	false
mylangiser	false
modshells	false
methodologies	false
megadog	false
manifesto	false
MacroPower.jl	false
lustreiser	false
LowLevel.jl	false
live-files	false
lcb-website	false
laminar	false
kategoria	false
k9-validate-action	false
k9-rs	false
k9-pre-commit	false
k9iser	false
k9-deno	false
julianiser	false
JuliaKids.jl	false
julia-ecosystem	false
januskey	false
iseriser	false
ipv6-tools	false
infrastructure-automation	false
i-human	false
idrisiser	false
hyperpolymath-sovereign-registry	true
hyperpolymath.github.io	false
hybrid-automation-router	false
homebrew-tap	false
heterogenous-mobile-computing	false
halideiser	false
groove-browser-harness	false
grim-repo	false
git-reticulator	false
futharkiser	false
formatrix-docs	false
flatracoon	false
filesoup	false
ffmpeg-ffi	false
Exnovation.jl	false
excel-economic-numbers-tool	false
ephapaxiser	false
empty-linter	false
elixir-mcp-server	false
eclexiaiser	false
double-track-browser	false
dotmatrix-fileprinter	false
docmatrix	false
dafniser	false
cookie-rebound	false
conflow	false
cloud-sync-tuner	false
cloudguard-server	false
cloudguard-cli	false
cloudflare-dns-terraform	false
chimichanga	false
Causals.jl	false
bunsenite	false
bqniser	false
BowtieRisk.jl	false
betlangiser	false
awesome-mcp-servers	false
awesome-idris2	false
atsiser	false
aspasia	false
anvomidaviser	false
anvomidav	false
alloyiser	false
affinescriptiser	false
accessibility-everywhere	false
a2ml-validate-action	false
a2ml-rs	false
a2ml-pre-commit	false
a2mliser	false
oblibeny	false
poly-k8s-mcp	false
scripts	false
qubes-sdp	false
rescript	false
file	false
awesome-selfhosted	false
lua-filters	false
awesome-rust	false
awesome-gleam	false
awesome-elixir	false
awesome-pandoc	false
awesome-haskell	false
awesome-lua	false
info	false
awesome-v	false
awesome-mcp-servers-1	false
