nextgen-databases	OK	14968566	
stapeln	OK	14968567	
burble	OK	14968568	
aerie	OK	14968570	+RSC
eclexia	OK	14968573	
tangle	OK	14968574	
error-lang	OK	14968575	
reasonably-good-token-vault	OK	14968576	
svalinn	OK	14968577	
gossamer	OK	14968578	+RSC
hypatia	OK	14968579	+RSC
vql-ut	OK	14968582	+RSC
panic-attack	OK	14968583	
verisimdb	OK	14968585	
a2ml-showcase	OK	14968587	
verisimdb-data	OK	14968589	
refugia	OK	14968590	
affinescript	OK	14968591	
otpiser	OK	14968592	
nimiser	OK	14968594	
hyperpolymath	OK	14968595	
awesome-zig	OK	14968596	
a2ml_ex	OK	14968597	
vex-tools	OK	14968598	
awesome-nickel	OK	14968599	
k9_gleam	OK	14968601	
a2ml_gleam	OK	14968602	
flat-mate	OK	14968603	
ZeroProb.jl	OK	14968605	
vscode-k9	OK	14968606	
vscode-a2ml	OK	14968608	
v-grpc	OK	14968609	
v-graphql	OK	14968610	
vexometer	OK	14968611	
verisimiser	OK	14968613	
statistease	OK	14968615	
session-sentinel	OK	14968622	
rescript-tea	OK	14968625	
rescript-dom-mounter	OK	14968629	
QuantumCircuit.jl	OK	14968632	
ProvenCrypto.jl	OK	14968633	
presswerk	OK	14968635	
PRComms.jl	OK	14968637	
PostDisciplinary.jl	OK	14968638	
PolyglotFormalisms.jl	OK	14968639	
pandoc-k9	OK	14968640	
pandoc-a2ml	OK	14968641	
palimpsest-license	OK	14968642	
ochrance-framework	OK	14968643	
servers	OK	14968644	
Lithoglyph.jl	OK	14968646	
linguist	OK	14968648	
KnotTheory.jl	OK	14968650	
kea	OK	14968652	
k9-showcase	OK	14968655	
k9-haskell	OK	14968656	
JuliaPackage-Reuse-Audit.jl	OK	14968657	
InvestigativeJournalist.jl	OK	14968658	
Hyperpolymath.jl	OK	14968669	
HardwareResilience.jl	OK	14968670	
HackenbushGames.jl	OK	14968672	
FirmwareAudit.jl	OK	14968674	
ensaid-spec	OK	14968677	
docudactyl	OK	14968681	
dictask	OK	14968684	
Cliometrics.jl	OK	14968685	
Cliodynamics.jl	OK	14968686	
Cladistics.jl	OK	14968687	
chapeliser	OK	14968689	
blocky-writer	OK	14968691	+RSC
Axiom.jl	OK	14968696	
Axiology.jl	OK	14968700	
asdf-tool-plugins	OK	14968701	
ambientops	OK	14968703	+RSC
AcceleratorGate.jl	OK	14968706	
a2ml-haskell	OK	14968708	
a2ml-deno	OK	14968709	
tree-sitter-k9	OK	14968710	
tree-sitter-a2ml	OK	14968711	
k9_ex	OK	14968712	
format-registrations	OK	14968714	
HyperpolymathRegistry	OK	14968715	
Skein.jl	OK	14968717	
protocol-squisher	OK	14968718	
squeakwell	OK	14968720	
typedqliser	OK	14968721	
gv-clade-index	OK	14968723	
typell	OK	14968724	
zotero-tools	OK	14968725	
wordpress-tools	OK	14968726	
wokelangiser	OK	14968729	
v-rest	OK	14968732	
ViableSystems.jl	OK	14968734	
unified-dataset-vocab	OK	14968739	
TradeUnionist.jl	OK	14968740	
tlaiser	OK	14968741	
ssg-collection	OK	14968742	
squisher-corpus	OK	14968745	
SoftwareSovereign.jl	OK	14968749	
social-media-tools	OK	14968754	
SMTLib.jl	OK	14968761	
SiliconCore.jl	OK	14968766	
ShellIntegration.jl	OK	14968770	
rescript-vite	OK	14968776	
rescript-evangeliser	OK	14968781	
ponyiser	OK	14968784	
polyglot-formalisms-gleam	OK	14968785	
polyglot-formalisms-elixir	OK	14968786	
pimcore-fortress	OK	14968787	
phronesiser	OK	14968789	
patch-bridge	OK	14968791	
ochrance	OK	14968794	
oblibeniser	OK	14968795	
nickel-augmentation	OK	14968799	
nafa-app	OK	14968801	
mylangiser	OK	14968803	
manifesto	OK	14968804	
MacroPower.jl	OK	14968805	
lustreiser	OK	14968806	
LowLevel.jl	OK	14968808	
kategoria	OK	14968811	
k9-validate-action	OK	14968812	
k9-rs	OK	14968815	
k9-pre-commit	OK	14968817	
k9iser	OK	14968818	
k9-deno	OK	14968819	
julianiser	OK	14968823	
JuliaKids.jl	OK	14968824	
julia-ecosystem	OK	14968826	
ipv6-tools	OK	14968828	
infrastructure-automation	OK	14968830	
i-human	OK	14968832	
idrisiser	OK	14968834	
hybrid-automation-router	OK	14968836	
homebrew-tap	OK	14968839	
halideiser	OK	14968840	
groove-browser-harness	OK	14968841	
git-reticulator	OK	14968843	
futharkiser	OK	14968844	
flatracoon	OK	14968846	
filesoup	OK	14968851	
ffmpeg-ffi	OK	14968853	
Exnovation.jl	OK	14968854	
ephapaxiser	OK	14968855	
eclexiaiser	OK	14968858	
dafniser	OK	14968861	
cookie-rebound	OK	14968864	
Causals.jl	OK	14968866	
bqniser	OK	14968867	
BowtieRisk.jl	OK	14968869	
betlangiser	OK	14968870	
awesome-mcp-servers	OK	14968872	
awesome-idris2	OK	14968874	
atsiser	OK	14968875	
aspasia	OK	14968876	
anvomidaviser	OK	14968878	
anvomidav	OK	14968880	
alloyiser	OK	14968882	
affinescriptiser	OK	14968884	
a2ml-validate-action	OK	14968885	
a2ml-rs	OK	14968887	
a2ml-pre-commit	OK	14968889	
a2mliser	OK	14968891	
awesome-rust	OK	14968892	
awesome-gleam	OK	14968893	
awesome-pandoc	OK	14968894	
info	OK	14968895	
awesome-mcp-servers-1	OK	14968897	
